﻿[  {    "id": 1,
    "titulo": "E.T. El Extraterrestre",
    "productora": "Universal Pictures",
    "nacionalidad": "Estadounidense",
    "fecha_de_lanzamiento": "1982-06-11",
    "director": "Steven Spielberg"  },
    {    "id": 2,
    "titulo": "Tiburón",
    "productora": "Universal Pictures",
    "nacionalidad": "Estadounidense",
    "fecha_de_lanzamiento": "1975-06-20",
    "director": "Steven Spielberg"  },
    {    "id": 3,
    "titulo": "La Lista de Schindler",
    "productora": "Universal Pictures",
    "nacionalidad": "Estadounidense",
    "fecha_de_lanzamiento": "1993-12-15",
    "director": "Steven Spielberg"  },
    {    "id": 4,
    "titulo": "La Naranja Mecánica",
    "productora": "Warner Bros.",
    "nacionalidad": "Británica",
    "fecha_de_lanzamiento": "1971-02-07",
    "director": "Stanley Kubrick"  },
    {    "id": 5,
    "titulo": "El Club de la Pelea",
    "productora": "20th Century Fox",
    "nacionalidad": "Estadounidense",
    "fecha_de_lanzamiento": "1999-10-15",
    "director": "David Fincher"  }]
