﻿<?xml version="1.0" encoding="UTF-8"?>
<alquileres>
  <alquiler>
    <dni>12345678A</dni>
    <id_pelicula>1</id_pelicula>
    <numero>1</numero>
    <fecha_de_alquiler>2022-01-01</fecha_de_alquiler>
    <fecha_de_devolucion>2022-01-07</fecha_de_devolucion>
  </alquiler>
  <alquiler>
    <dni>87654321B</dni>
    <id_pelicula>2</id_pelicula>
    <numero>2</numero>
    <fecha_de_alquiler>2022-01-03</fecha_de_alquiler>
    <fecha_de_devolucion>2022-01-10</fecha_de_devolucion>
  </alquiler>
  <alquiler>
    <dni>11111111C</dni>
    <id_pelicula>3</id_pelicula>
    <numero>1</numero>
    <fecha_de_alquiler>2022-01-05</fecha_de_alquiler>
    <fecha_de_devolucion>2022-01-12</fecha_de_devolucion>
  </alquiler>
  <alquiler>
    <dni>22222222D</dni>
    <id_pelicula>4</id_pelicula>
    <numero>2</numero>
    <fecha_de_alquiler>2022-01-07</fecha_de_alquiler>
    <fecha_de_devolucion>2022-01-14</fecha_de_devolucion>
  </alquiler>
  <alquiler>
    <dni>33333333E</dni>
    <id_pelicula>5</id_pelicula>
    <numero>1</numero>
    <fecha_de_alquiler>2022-01-09</fecha_de_alquiler>
    <fecha_de_devolucion>2022-01-16</fecha_de_devolucion>
  </alquiler>
</alquileres>
